ffb_processed_tons,cpo_produced_tons,waste_moisture_pct,waste_calorific_value_mj_kg,waste_biomass_tons,demand_index_biofuel,demand_index_feed,market_price_compost_usd_ton,market_price_biofuel_usd_ton,market_price_feed_usd_ton,carbon_tax_potential_usd,optimal_allocation_target
117,29.58,62.6,17.17,8.56,72,41,43,113.58,71.17,34,biofuel
108,30.49,60.7,15.17,8.809,74,55,54,110.32,82.03,25,biofuel
120,21.97,57.2,14.77,8.924,79,45,43,112.17,77.22,15,biofuel
133,32.17,54.4,15.99,11.023,78,47,48,113.3,77.47,20,biofuel
106,21.78,59.8,15.74,6.103,62,47,46,109.05,78.32,25,biofuel
106,22.3,58.6,15.32,9.313,63,45,42,104.04,73.38,15,biofuel
134,27.77,60.6,17.04,11.21,64,53,42,104.01,82.32,21,biofuel
122,24.29,59.5,17.43,8.884,60,42,45,105.72,75.04,20,biofuel
103,23.32,61.2,16.13,9.52,63,49,45,107.85,84.13,28,biofuel
118,23.61,54.9,18.22,11.878,71,42,43,115.74,73.65,16,biofuel
103,24.01,62.3,14.29,6.23,69,51,54,109.9,77.77,18,biofuel
103,23.02,57.8,15.71,7.671,79,56,54,111.99,90.65,25,biofuel
114,24.83,65.3,14.92,8.032,72,44,48,103.47,69.41,29,biofuel
81,16.02,54.2,13.2,5.976,73,59,43,107.58,90.82,32,biofuel
84,17.45,63.9,15.88,7.808,64,48,48,105.79,82.2,15,biofuel
102,25.26,57.8,15.82,8.422,63,59,43,100.0,94.77,17,biofuel
95,22.8,54.4,18.27,7.933,73,46,41,115.07,78.57,17,biofuel
115,22.5,55.1,16.95,6.659,69,43,41,108.07,77.54,21,biofuel
96,21.89,55.7,14.46,9.192,76,52,44,107.54,86.08,15,biofuel
89,22.03,58.7,18.78,5.987,69,52,43,111.73,78.34,25,biofuel
132,23.09,59.1,17.83,11.271,66,49,46,112.25,79.69,20,biofuel
107,25.82,54.7,16.87,9.76,75,57,53,112.69,90.28,34,biofuel
111,22.77,56.9,15.66,11.692,60,56,50,100.0,88.72,17,biofuel
89,21.55,65.6,14.56,5.611,76,59,44,107.06,90.95,33,biofuel
102,20.61,63.9,15.44,4.138,68,59,45,111.09,89.71,16,biofuel
112,19.14,58.7,17.63,9.786,65,52,49,110.56,91.6,32,biofuel
93,16.38,57.2,18.83,10.359,78,56,43,114.58,88.03,26,biofuel
116,26.27,57.5,18.31,11.966,72,43,52,113.27,80.65,24,biofuel
101,23.51,59.5,15.27,8.812,62,40,51,103.73,66.58,19,biofuel
106,20.97,52.9,14.32,8.589,66,40,41,107.28,71.97,23,biofuel
101,24.66,56.0,16.21,9.9,68,54,52,111.34,87.49,16,biofuel
138,24.17,50.3,13.35,10.384,64,52,49,100.0,81.63,16,biofuel
110,24.53,58.6,16.48,10.073,69,56,48,104.37,87.8,20,biofuel
94,17.73,59.6,15.78,8.586,76,47,49,116.97,78.35,24,biofuel
122,25.06,55.1,15.3,12.481,71,57,54,108.51,87.87,32,biofuel
92,20.83,63.3,13.61,11.016,75,52,46,109.43,83.63,26,biofuel
113,22.51,52.1,16.77,10.683,62,53,43,104.61,78.51,18,biofuel
81,17.29,51.1,15.2,6.623,68,47,42,102.73,80.53,31,biofuel
90,22.97,57.9,14.25,7.641,74,47,49,110.79,82.08,29,biofuel
113,23.47,61.2,11.69,6.636,64,54,53,100.0,88.16,20,biofuel
121,30.26,63.7,15.96,8.75,72,52,54,110.24,91.19,30,biofuel
113,21.6,55.2,18.66,9.148,73,46,42,119.13,79.25,31,biofuel
108,26.02,61.3,18.49,8.203,79,44,48,118.06,78.23,17,biofuel
105,28.17,56.8,15.31,9.251,74,56,44,111.01,92.92,24,biofuel
88,13.27,56.3,15.1,6.547,75,55,52,112.28,79.75,19,biofuel
99,19.91,60.5,16.7,9.834,72,41,54,107.8,72.47,28,biofuel
103,24.96,59.6,14.5,8.677,76,57,42,111.63,86.25,27,biofuel
126,27.58,50.7,16.45,11.27,67,56,54,110.7,85.66,20,biofuel
115,27.16,62.9,17.15,8.943,61,46,44,104.19,74.18,26,biofuel
84,17.38,62.5,17.84,7.109,64,52,41,108.78,83.46,22,biofuel
115,26.17,54.5,15.85,11.42,65,57,50,107.39,92.35,19,biofuel
104,22.91,58.6,15.69,7.548,71,53,43,109.02,86.9,29,biofuel
100,26.0,59.0,14.68,7.532,77,57,49,112.07,90.36,30,biofuel
119,27.68,58.0,14.76,9.626,60,52,41,100.0,86.57,15,biofuel
125,29.39,54.8,15.66,8.447,76,50,41,114.08,84.35,30,biofuel
124,26.37,54.3,16.55,9.36,70,55,51,110.1,89.33,19,biofuel
97,20.41,56.9,17.37,7.667,69,56,47,113.44,84.03,17,biofuel
105,22.26,61.7,14.8,9.983,78,47,40,115.69,76.18,34,biofuel
115,27.24,59.2,18.24,10.14,73,58,53,119.25,91.68,29,biofuel
125,26.55,55.5,15.59,11.187,69,59,46,106.86,95.0,27,biofuel
103,24.07,60.1,15.97,9.872,74,54,44,106.61,82.81,30,biofuel
107,30.74,45.6,14.88,9.686,78,48,54,116.38,79.57,25,biofuel
93,23.36,61.6,12.36,8.225,63,59,50,100.0,88.1,16,biofuel
92,19.8,50.0,17.33,8.138,61,49,47,103.55,83.88,20,biofuel
122,31.85,55.6,17.11,11.038,68,51,40,112.28,83.93,20,biofuel
130,27.66,52.5,15.58,10.388,69,59,50,104.01,88.76,28,biofuel
109,17.86,51.8,16.1,5.753,70,40,46,113.29,65.94,25,biofuel
125,24.34,61.6,16.77,10.148,73,59,44,112.94,93.96,22,biofuel
115,19.42,55.1,13.66,12.369,66,48,43,100.0,83.72,22,biofuel
100,21.45,58.4,15.21,9.808,74,54,46,109.75,83.51,15,biofuel
115,25.94,56.8,17.19,11.471,78,40,49,118.09,72.36,21,biofuel
133,36.61,58.9,14.12,13.58,74,51,54,109.4,81.57,20,biofuel
109,25.59,57.3,16.44,9.47,67,42,41,108.62,74.87,22,biofuel
133,29.05,51.9,13.97,12.207,70,50,51,104.65,84.05,33,biofuel
71,17.74,61.0,16.7,5.312,68,41,54,110.4,71.67,34,biofuel
122,19.36,55.0,15.95,10.055,74,55,40,113.12,82.5,22,biofuel
111,25.76,50.8,13.58,10.957,60,48,40,100.0,81.64,28,biofuel
106,26.3,55.3,17.75,11.049,60,54,50,103.11,88.31,32,biofuel
111,20.05,63.0,14.9,8.912,78,51,51,116.03,84.43,30,biofuel
80,20.75,60.4,14.78,6.198,62,40,40,102.73,70.59,23,biofuel
107,25.16,55.6,16.3,9.271,69,52,54,109.97,81.76,29,biofuel
115,24.44,55.6,17.72,10.962,67,53,51,113.81,88.85,24,biofuel
132,32.21,55.7,14.48,8.678,74,47,44,104.28,81.09,30,biofuel
102,29.9,65.3,16.09,5.089,69,47,49,107.69,75.17,18,biofuel
98,22.58,58.5,16.64,7.557,60,51,46,100.0,87.14,34,biofuel
102,23.71,58.7,17.04,6.888,77,40,41,124.45,70.4,27,biofuel
124,26.19,61.1,16.26,9.459,61,50,49,105.46,82.39,19,biofuel
115,22.94,58.0,15.45,9.557,78,47,47,115.06,77.87,21,biofuel
102,25.49,56.0,14.76,8.147,72,49,43,111.47,80.57,23,biofuel
118,23.52,56.2,16.13,12.646,60,58,51,105.61,95.0,22,biofuel
111,25.21,56.7,14.39,10.064,61,50,42,102.9,85.1,30,biofuel
125,26.33,56.9,11.62,11.27,75,46,49,108.01,80.24,20,biofuel
99,23.7,59.9,16.65,9.185,74,50,50,113.71,82.55,30,biofuel
105,24.68,57.2,17.36,7.289,72,56,47,112.82,91.87,20,biofuel
104,26.64,59.9,12.46,10.256,75,40,41,104.03,67.5,28,biofuel
88,18.45,56.7,14.49,7.471,76,47,50,113.29,80.15,15,biofuel
114,24.73,57.3,16.93,10.851,66,45,50,108.18,75.54,23,biofuel
114,22.3,49.0,19.09,8.483,76,57,52,119.72,84.22,27,biofuel
110,23.28,60.7,16.03,6.813,66,45,42,105.45,71.24,33,biofuel
106,25.05,58.4,14.91,10.233,72,44,51,113.77,72.81,31,biofuel
89,22.05,61.0,15.73,7.888,64,52,42,107.52,85.65,25,biofuel
104,20.52,45.4,18.06,8.197,76,58,49,124.41,89.61,22,biofuel
105,26.36,65.4,15.03,7.251,62,47,50,103.25,76.63,19,biofuel
98,26.04,56.4,14.8,10.027,66,48,40,104.57,81.89,24,biofuel
108,25.64,61.4,15.28,7.201,76,56,45,113.28,87.53,21,biofuel
116,32.63,52.8,14.57,13.05,66,42,41,100.88,76.39,24,biofuel
138,27.85,59.5,16.18,9.887,60,58,40,100.0,95.0,18,biofuel
113,21.21,52.8,18.44,11.042,76,50,41,121.2,82.07,23,biofuel
114,19.57,54.5,16.48,9.407,76,56,51,112.96,91.46,28,biofuel
109,29.42,64.7,15.62,9.738,70,58,45,109.87,93.45,16,biofuel
81,19.82,56.2,15.56,6.355,62,41,53,106.07,70.46,23,biofuel
110,24.57,57.9,13.66,9.124,74,47,43,106.52,80.98,15,biofuel
111,25.91,60.5,17.32,9.354,70,58,45,118.67,94.63,24,biofuel
147,28.11,59.0,15.88,10.359,75,46,51,110.79,74.34,24,biofuel
107,31.93,57.6,15.73,10.271,68,56,48,110.83,89.66,34,biofuel
115,26.32,58.5,20.79,8.928,60,45,52,112.85,76.43,17,biofuel
109,24.88,66.6,16.45,8.392,75,58,49,118.48,94.15,20,biofuel
92,22.7,56.8,14.87,6.595,68,45,51,102.79,74.67,20,biofuel
127,30.41,57.8,15.36,6.208,78,41,49,122.04,69.41,16,biofuel
121,28.04,61.2,17.72,9.756,71,45,47,113.7,76.51,32,biofuel
122,24.56,61.4,16.17,14.225,78,44,40,118.77,78.34,16,biofuel
96,22.96,61.7,13.84,9.008,68,58,52,108.41,88.0,26,biofuel
131,36.87,59.6,17.38,11.0,66,59,47,107.75,89.73,19,biofuel
89,23.62,52.4,15.0,7.536,73,43,48,112.88,72.04,34,biofuel
119,32.46,63.5,18.81,9.783,78,56,45,119.71,88.17,21,biofuel
143,29.98,52.4,17.62,13.819,78,50,49,123.83,76.7,30,biofuel
95,18.55,58.2,15.33,6.492,61,43,54,100.0,78.09,34,biofuel
102,22.57,54.0,17.92,10.595,68,52,44,112.36,84.01,15,biofuel
111,25.16,56.7,16.1,10.682,72,59,45,112.72,91.96,15,biofuel
102,26.3,58.3,17.28,9.71,74,56,52,118.11,94.07,31,biofuel
87,15.16,58.3,16.73,7.937,62,48,45,110.97,81.75,15,biofuel
111,30.07,58.7,14.73,9.441,70,43,48,106.1,71.99,34,biofuel
94,20.7,63.5,15.03,8.562,73,53,43,113.88,86.09,27,biofuel
117,24.83,58.8,17.54,10.89,67,58,41,116.59,91.47,23,biofuel
96,18.69,56.0,15.5,7.805,77,42,50,115.1,76.75,29,biofuel
133,23.32,60.9,15.39,10.039,78,53,50,113.53,85.1,17,biofuel
98,24.47,61.8,14.57,8.264,75,47,48,105.95,74.07,28,biofuel
105,23.86,52.1,16.64,11.723,61,40,41,109.73,65.0,25,biofuel
122,22.73,59.4,19.09,8.166,67,49,49,113.05,85.23,26,biofuel
92,17.13,59.8,14.4,5.846,65,57,48,100.0,88.03,27,biofuel
113,24.29,55.8,16.04,10.045,71,55,41,106.81,90.01,27,biofuel
130,35.76,62.5,18.12,10.816,74,47,51,114.43,78.62,15,biofuel
86,18.68,56.4,15.88,7.624,67,40,47,110.12,68.75,24,biofuel
113,20.33,57.5,16.68,10.054,63,51,48,108.93,82.42,17,biofuel
114,24.81,56.3,14.41,9.463,74,47,51,111.98,83.15,18,biofuel
122,26.45,57.1,16.64,13.058,79,55,49,118.88,83.66,30,biofuel
91,13.11,52.6,15.72,5.901,76,57,48,110.5,89.24,22,biofuel
90,20.1,51.2,17.48,6.926,72,43,49,112.37,76.32,30,biofuel
118,25.73,63.4,17.78,9.505,77,45,48,115.84,72.15,31,biofuel
114,28.03,53.6,19.88,7.271,61,51,41,112.28,87.15,33,biofuel
114,31.97,53.0,16.87,9.76,72,48,43,110.15,82.28,29,biofuel
115,29.76,48.4,16.49,13.357,72,54,46,110.44,87.62,30,biofuel
100,21.69,54.4,16.29,8.766,74,55,51,113.23,86.49,29,biofuel
113,21.67,51.7,15.47,10.441,79,51,41,111.13,78.97,16,biofuel
114,34.45,63.6,16.51,7.37,69,53,40,110.36,87.72,25,biofuel
99,22.45,61.0,15.56,7.408,62,52,42,102.4,92.65,15,biofuel
138,31.11,54.2,16.25,11.317,78,41,51,120.45,71.64,29,biofuel
117,26.24,66.0,17.98,8.909,62,42,43,105.1,66.92,33,biofuel
92,21.25,60.9,14.49,9.318,73,49,47,105.48,82.17,18,biofuel
120,26.48,55.7,17.71,11.355,67,48,45,109.9,82.18,25,biofuel
95,19.74,47.0,17.98,7.105,63,59,50,105.07,90.05,19,biofuel
122,25.45,66.2,15.82,10.197,79,47,41,116.96,76.46,17,biofuel
127,28.45,51.4,12.82,12.264,70,49,54,100.0,78.56,27,biofuel
98,20.45,50.4,15.09,10.468,70,58,48,106.36,90.01,24,biofuel
124,25.25,61.1,17.95,13.056,70,42,53,111.11,71.88,25,biofuel
116,26.47,66.8,15.97,7.702,61,44,41,104.44,72.22,32,biofuel
122,26.52,62.5,14.5,8.705,76,42,52,109.37,68.69,16,biofuel
138,37.28,59.3,15.24,9.208,68,55,54,101.67,88.52,21,biofuel
106,15.42,59.4,17.26,8.593,61,56,51,104.71,88.65,23,biofuel
99,25.52,60.4,16.82,8.937,74,54,44,115.8,85.49,24,biofuel
97,25.45,60.0,15.64,9.489,75,42,51,112.47,72.65,32,biofuel
98,15.95,58.1,15.45,8.238,63,51,43,101.47,78.64,21,biofuel
109,23.4,57.4,15.41,8.829,67,48,52,104.41,80.39,21,biofuel
115,24.59,56.7,14.62,10.138,68,51,46,105.98,81.95,17,biofuel
114,20.84,54.0,18.42,8.596,64,54,47,107.37,87.52,26,biofuel
122,24.6,55.9,15.52,14.222,75,41,44,112.05,72.4,21,biofuel
110,21.09,50.2,17.83,7.238,72,57,49,117.51,93.79,31,biofuel
132,36.64,56.6,18.28,11.707,66,59,53,107.46,93.11,15,biofuel
106,26.83,53.0,17.5,12.502,79,51,53,120.07,86.4,19,biofuel
151,39.74,52.6,15.35,13.37,76,43,44,108.13,72.63,30,biofuel
119,29.35,57.7,16.61,9.838,62,55,41,105.5,87.18,29,biofuel
97,18.54,62.6,15.96,7.52,64,55,47,102.18,87.73,16,biofuel
94,19.67,60.7,14.64,7.62,78,40,53,116.74,72.32,23,biofuel
117,28.04,50.7,16.49,12.879,71,41,41,107.35,73.09,21,biofuel
107,20.15,53.0,14.23,5.958,66,42,49,104.59,72.81,18,biofuel
121,29.81,60.8,17.78,12.689,68,59,51,115.62,89.12,34,biofuel
117,25.48,53.1,15.3,7.865,65,56,45,101.51,91.04,32,biofuel
109,23.3,56.1,16.3,8.993,76,59,47,112.81,90.22,18,biofuel
97,23.89,59.2,16.42,7.608,75,40,45,112.01,67.25,27,biofuel
87,20.73,53.1,15.61,8.42,62,59,43,101.36,89.38,15,biofuel
103,22.06,57.4,16.88,6.465,63,45,52,107.71,75.75,17,biofuel
123,31.95,51.7,15.29,11.788,69,54,43,106.08,90.44,30,biofuel
113,21.76,54.6,17.31,13.184,64,53,45,104.46,82.7,18,biofuel
91,22.16,58.3,13.98,5.979,69,59,53,100.0,95.0,30,biofuel
113,27.44,50.6,16.19,10.45,71,54,54,115.99,89.53,33,biofuel
116,25.02,58.8,18.91,8.743,69,53,52,120.06,81.21,15,biofuel
97,22.77,56.9,14.5,8.92,72,44,43,110.28,73.65,19,biofuel
112,21.0,59.2,14.98,9.492,70,45,47,105.53,72.88,33,biofuel
111,28.05,57.9,16.77,8.452,75,56,48,117.78,91.19,25,biofuel
93,20.41,62.5,16.27,8.296,67,50,40,110.99,79.04,27,biofuel
115,24.07,57.5,16.53,12.789,67,55,52,107.9,83.14,34,biofuel
118,30.26,55.3,16.73,9.919,67,51,43,109.18,82.22,19,biofuel
126,25.69,57.5,16.95,12.065,72,54,43,117.2,90.31,18,biofuel
126,23.03,59.2,17.66,8.35,61,43,41,101.2,73.02,18,biofuel
89,15.87,57.2,16.61,6.41,71,57,45,115.02,91.6,18,biofuel
96,23.35,57.2,15.64,8.873,69,42,42,107.55,73.71,18,biofuel
118,22.02,54.2,17.01,12.876,71,47,46,109.48,73.86,34,biofuel
118,32.76,54.3,18.85,10.927,70,42,52,112.61,69.7,32,biofuel
118,19.18,51.4,15.8,9.972,74,47,50,110.21,78.42,32,biofuel
168,40.0,64.0,14.54,13.707,75,57,50,107.45,88.73,30,biofuel
119,27.53,52.0,17.66,8.365,76,49,44,123.43,85.91,23,biofuel
127,28.21,54.2,15.82,12.229,61,59,43,103.91,89.12,32,biofuel
124,25.87,54.1,12.74,12.451,77,56,44,112.27,86.47,16,biofuel
120,28.44,60.6,17.27,9.281,71,47,47,115.03,79.27,18,biofuel
105,23.51,55.8,15.2,8.373,78,50,42,114.98,80.12,26,biofuel
121,31.23,62.0,15.86,10.463,77,44,53,115.54,66.12,21,biofuel
98,22.39,54.3,16.5,7.944,76,52,46,114.61,90.2,29,biofuel
106,24.33,58.1,16.29,8.925,65,44,54,105.63,71.58,21,biofuel
103,22.05,53.7,17.06,12.205,74,52,53,111.1,86.08,31,biofuel
111,24.79,65.6,15.35,8.583,62,45,45,105.55,72.24,30,biofuel
145,33.96,52.2,16.77,12.091,65,44,51,102.1,72.21,33,biofuel
82,14.24,58.2,15.61,6.224,62,48,40,100.0,74.73,23,biofuel
120,22.15,59.5,17.11,11.371,60,55,52,110.26,85.78,28,biofuel
86,21.27,58.7,16.92,7.071,72,41,46,113.85,69.27,31,biofuel
103,23.7,56.3,14.6,7.92,73,40,53,110.13,69.6,19,biofuel
126,27.65,56.5,17.63,13.238,72,47,52,116.77,77.28,16,biofuel
111,25.04,57.2,15.2,11.761,63,58,46,100.0,87.28,34,biofuel
94,22.13,56.4,17.21,7.289,66,50,53,105.04,80.43,30,biofuel
99,20.67,60.9,16.55,5.692,69,51,54,108.97,87.54,28,biofuel
120,24.2,65.8,18.76,11.285,66,51,51,109.61,87.19,28,biofuel
99,22.86,54.8,15.66,7.641,74,46,40,112.3,78.57,15,biofuel
113,22.11,51.5,15.48,11.395,74,52,48,113.62,86.39,17,biofuel
111,26.33,56.6,15.97,6.415,63,47,45,108.51,84.58,21,biofuel
100,17.39,67.3,15.55,9.146,65,48,54,107.53,81.31,29,biofuel
142,36.33,53.8,17.2,9.942,79,46,51,116.62,79.13,33,biofuel
120,28.7,63.6,13.58,11.017,64,54,41,100.0,82.11,34,biofuel
80,18.61,63.7,14.42,6.558,79,41,44,112.1,67.86,16,biofuel
113,28.76,54.8,14.4,8.279,71,59,52,104.55,92.7,33,biofuel
100,27.5,59.3,17.43,7.869,60,51,50,101.13,80.78,23,biofuel
123,31.42,63.5,18.57,11.226,67,40,43,117.73,67.01,33,biofuel
98,16.64,55.5,15.84,8.647,60,47,46,101.71,75.75,19,biofuel
108,20.15,56.2,15.75,10.226,64,44,47,104.03,70.53,32,biofuel
118,24.34,54.7,16.11,13.676,65,54,50,107.67,84.43,30,biofuel
123,27.77,52.9,17.74,8.026,62,40,53,108.68,71.02,18,biofuel
92,22.13,54.4,14.61,10.203,74,40,54,113.78,75.39,26,biofuel
105,21.34,52.1,16.36,9.48,64,49,50,103.69,83.19,21,biofuel
103,23.75,57.1,17.46,7.508,73,49,40,116.53,82.71,28,biofuel
100,20.23,53.9,16.75,6.822,77,54,44,114.37,81.93,26,biofuel
136,28.11,57.9,16.28,11.23,75,56,54,113.99,89.56,17,biofuel
116,21.2,50.8,17.5,11.979,65,45,42,109.17,75.8,19,biofuel
91,17.95,58.3,11.95,7.572,73,42,40,104.76,73.27,31,biofuel
124,22.87,60.3,17.02,13.011,67,52,51,109.97,83.32,24,biofuel
142,27.79,49.0,15.02,9.754,66,55,42,107.25,92.99,24,biofuel
125,32.08,58.5,13.25,10.591,67,47,53,100.31,78.56,25,biofuel
87,17.1,61.9,16.77,5.704,72,54,45,113.69,87.25,31,biofuel
103,31.31,52.2,18.06,9.688,65,56,53,107.84,83.31,19,biofuel
129,30.93,63.7,15.79,12.109,77,56,46,123.94,88.88,27,biofuel
99,22.82,58.7,17.43,7.805,61,52,47,102.92,87.85,24,biofuel
117,23.31,54.2,18.42,5.793,67,56,52,110.34,90.87,23,biofuel
122,30.01,56.8,17.97,10.83,70,45,50,116.59,69.53,31,biofuel
96,19.94,59.2,18.46,8.7,60,56,43,105.63,87.85,15,biofuel
109,24.92,57.3,17.11,9.961,65,55,42,110.87,93.2,18,biofuel
61,18.41,59.2,16.11,6.215,75,53,44,114.68,85.15,18,biofuel
95,21.1,53.3,13.6,6.869,79,52,48,111.19,85.37,32,biofuel
106,27.5,57.7,15.63,10.076,71,45,52,107.8,80.86,23,biofuel
91,18.56,51.3,14.74,9.733,70,42,45,105.11,71.94,32,biofuel
134,30.01,56.6,19.26,8.112,69,53,54,114.54,87.97,28,biofuel
89,24.75,53.4,15.74,8.246,62,53,48,102.56,86.83,29,biofuel
103,21.24,54.1,16.18,8.259,72,54,54,109.46,88.68,20,biofuel
112,31.29,61.9,16.83,9.154,62,47,45,104.93,79.54,24,biofuel
132,32.5,61.4,16.07,11.613,74,54,41,110.06,85.16,29,biofuel
88,18.32,59.4,18.54,6.821,75,52,52,121.35,83.06,18,biofuel
127,30.98,52.6,15.07,9.967,72,56,44,112.58,86.64,32,biofuel
110,27.96,55.7,16.29,9.578,76,42,51,113.27,67.48,32,biofuel
95,23.15,61.9,14.89,6.445,62,45,50,100.0,79.73,31,biofuel
117,20.81,57.6,14.02,8.187,79,44,48,113.77,74.83,26,biofuel
113,22.96,66.3,15.08,10.091,70,56,47,111.96,92.78,21,biofuel
101,21.98,58.6,15.94,6.928,78,41,46,120.74,75.9,30,biofuel
111,24.73,57.8,15.36,10.522,70,54,40,104.51,86.96,25,biofuel
104,25.34,55.8,14.96,9.692,75,44,43,114.94,70.86,28,biofuel
112,25.8,57.5,13.89,6.822,62,59,51,100.0,92.21,17,biofuel
120,22.19,56.4,15.88,9.172,65,45,46,105.63,73.99,33,biofuel
134,31.68,59.8,13.74,13.515,73,45,50,109.39,70.06,32,biofuel
91,22.14,60.8,17.14,6.357,77,57,46,116.44,88.89,24,biofuel
142,34.33,53.9,16.12,11.484,76,57,54,118.33,90.19,20,biofuel
81,20.85,51.7,13.81,7.762,63,43,45,104.29,71.67,27,biofuel
108,27.0,49.7,15.54,11.011,74,56,47,116.66,86.89,24,biofuel
119,28.41,59.0,14.87,9.645,70,53,50,102.21,81.77,32,biofuel
114,25.41,52.6,16.48,9.078,62,53,52,103.87,86.19,34,biofuel
101,17.69,48.4,18.01,11.365,62,52,45,101.81,90.01,30,biofuel
107,25.45,58.6,13.19,11.709,75,46,49,106.08,81.04,20,biofuel
103,23.82,67.0,16.17,9.56,64,51,42,100.0,85.16,27,biofuel
101,23.55,57.0,15.76,8.789,69,54,43,110.07,88.83,18,biofuel
123,22.96,60.4,17.01,8.915,78,58,53,119.08,91.2,28,biofuel
115,22.15,57.3,16.32,8.483,63,50,42,103.74,76.59,15,biofuel
100,25.66,56.6,14.87,9.353,78,54,40,111.77,85.69,34,biofuel
123,27.53,60.7,15.52,10.997,70,51,54,109.98,80.29,19,biofuel
115,28.23,55.8,14.81,12.274,61,42,49,100.0,72.86,22,biofuel
122,27.55,58.1,17.61,11.513,69,56,44,109.18,92.9,26,biofuel
119,26.88,58.3,16.03,7.583,70,42,54,106.45,78.32,16,biofuel
98,24.81,54.3,18.85,10.069,79,58,40,122.29,91.79,26,biofuel
102,21.37,61.0,15.91,7.092,75,59,40,112.07,87.8,19,biofuel
121,27.57,56.3,14.94,9.765,78,43,41,113.13,73.79,19,biofuel
119,25.12,54.0,13.73,10.859,70,42,52,107.03,72.67,27,biofuel
110,23.32,59.1,13.3,12.392,73,55,43,109.89,90.04,23,biofuel
112,24.16,53.4,13.62,14.958,61,51,45,102.39,83.14,24,biofuel
129,29.88,57.1,16.4,12.179,64,47,47,106.18,78.6,15,biofuel
101,21.27,57.0,16.76,8.401,64,56,52,107.76,87.3,17,biofuel
118,31.0,61.3,13.63,10.695,78,46,42,112.23,76.26,32,biofuel
107,21.2,58.9,17.34,10.399,71,50,40,108.46,83.54,26,biofuel
107,23.48,56.9,15.28,8.696,77,57,42,113.05,84.37,17,biofuel
126,26.69,60.3,16.22,13.721,63,40,51,103.74,69.05,23,biofuel
122,32.75,62.6,18.42,10.443,76,42,42,118.11,74.46,16,biofuel
122,28.17,59.2,17.35,11.162,69,43,44,111.78,78.52,17,biofuel
130,33.27,57.0,15.6,12.392,79,52,50,115.74,83.2,28,biofuel
110,19.85,51.8,14.66,10.468,65,45,51,100.36,79.56,18,biofuel
120,27.96,52.7,12.77,12.089,73,53,51,105.49,90.67,33,biofuel
105,26.43,55.8,14.92,8.15,70,44,43,105.92,73.64,27,biofuel
115,26.16,54.6,15.68,9.099,70,55,52,101.5,86.33,21,biofuel
108,27.75,56.3,14.52,7.604,77,54,43,108.45,86.25,26,biofuel
111,23.25,57.2,15.8,10.207,77,54,48,115.47,86.55,17,biofuel
119,31.81,59.1,16.12,11.366,70,43,46,113.52,76.87,23,biofuel
98,28.81,56.7,15.66,9.069,71,47,43,102.84,76.08,16,biofuel
141,30.19,58.9,15.02,15.268,64,55,42,100.63,92.61,23,biofuel
95,20.11,57.3,16.25,8.126,68,55,45,110.19,85.6,26,biofuel
92,24.71,49.1,16.66,9.258,68,43,42,112.35,69.81,26,biofuel
127,34.59,53.2,14.36,9.151,69,52,45,104.66,85.97,29,biofuel
122,25.54,56.4,18.12,9.833,78,52,50,118.59,88.09,16,biofuel
119,25.27,52.2,15.85,11.776,60,41,52,105.36,71.74,32,biofuel
119,25.77,59.4,16.03,11.46,66,42,50,109.25,73.71,27,biofuel
110,20.31,63.1,17.06,8.593,63,47,52,109.1,84.26,28,biofuel
97,19.15,61.9,16.35,7.942,60,54,52,101.3,90.53,19,biofuel
111,21.63,56.1,17.43,7.159,74,50,51,119.4,82.09,24,biofuel
100,20.2,63.0,16.43,7.731,67,48,48,102.62,78.31,26,biofuel
125,27.99,57.6,15.08,12.265,71,46,45,112.35,80.49,24,biofuel
108,25.06,55.7,16.54,10.247,77,52,51,116.48,86.89,25,biofuel
98,26.61,54.5,14.28,9.269,74,41,43,110.15,72.46,16,biofuel
105,20.48,55.8,16.16,9.16,76,47,54,112.28,77.42,19,biofuel
116,29.53,55.4,15.95,10.076,73,46,44,106.86,76.97,21,biofuel
102,22.3,57.7,15.69,7.75,73,51,52,112.1,82.76,20,biofuel
98,21.9,57.6,15.81,9.348,77,58,45,116.87,90.67,17,biofuel
114,27.96,57.0,13.18,10.467,79,46,50,113.67,75.4,27,biofuel
114,21.81,58.7,15.18,10.457,77,49,42,115.74,81.6,17,biofuel
102,24.12,61.8,16.14,7.716,75,55,47,115.38,86.06,20,biofuel
103,23.69,60.8,16.24,5.515,60,42,43,100.0,72.93,25,biofuel
113,27.09,51.1,14.46,11.941,70,49,47,109.22,74.5,31,biofuel
88,20.56,46.8,17.9,7.443,74,45,49,113.89,74.2,24,biofuel
89,26.58,60.7,14.7,6.369,71,57,49,111.52,93.69,26,biofuel
99,20.38,51.5,17.45,9.84,67,57,42,110.25,87.7,31,biofuel
107,22.37,56.1,16.64,8.635,79,44,49,118.33,76.58,18,biofuel
115,23.73,52.3,15.03,11.992,65,46,46,106.66,74.75,16,biofuel
132,27.5,49.8,18.66,13.119,62,41,50,111.92,73.53,25,biofuel
123,25.32,59.2,14.21,11.575,72,50,52,110.33,81.11,21,biofuel
108,28.15,60.0,17.38,7.007,72,52,51,111.9,83.39,16,biofuel
110,29.44,54.7,17.5,11.527,61,44,48,108.09,74.96,32,biofuel
95,19.75,46.6,14.99,9.125,64,45,43,100.74,71.97,18,biofuel
110,22.0,54.8,18.09,8.993,76,53,47,121.34,88.52,22,biofuel
106,25.35,58.6,15.62,9.208,65,51,42,100.96,87.11,34,biofuel
115,23.97,51.1,16.43,7.233,61,43,46,103.38,72.52,28,biofuel
98,23.91,57.7,16.39,8.937,63,45,42,102.72,77.57,26,biofuel
118,27.27,56.9,15.8,8.393,70,49,51,112.21,83.14,32,biofuel
133,23.88,59.3,17.22,8.697,67,57,54,113.39,90.13,25,biofuel
108,29.31,57.5,17.19,6.891,71,54,54,113.78,83.48,22,biofuel
116,32.35,53.1,13.38,12.12,67,47,46,102.86,83.18,16,biofuel
120,24.79,61.8,17.96,8.907,70,48,53,116.03,78.42,29,biofuel
104,22.19,56.4,13.51,11.251,79,44,50,115.58,72.97,23,biofuel
113,26.39,56.9,17.55,8.836,67,49,49,110.81,85.72,33,biofuel
110,25.85,53.3,17.69,6.927,67,59,49,109.48,94.63,34,biofuel
111,27.17,55.2,14.36,7.849,76,45,50,113.46,76.77,22,biofuel
98,27.96,53.5,15.38,10.388,79,55,50,110.38,85.09,33,biofuel
110,24.17,56.3,14.34,9.238,79,42,45,116.61,74.81,19,biofuel
117,23.52,63.8,15.68,8.688,75,49,41,111.23,89.49,25,biofuel
132,24.24,51.5,15.54,12.075,73,50,50,110.76,84.64,29,biofuel
124,25.18,50.5,17.17,12.053,70,50,42,115.09,83.49,22,biofuel
142,31.81,62.9,17.97,13.856,66,56,45,109.49,91.36,33,biofuel
98,27.33,56.2,18.09,10.497,75,43,53,120.12,72.62,22,biofuel
123,25.77,54.3,15.16,10.108,72,43,43,113.34,72.59,33,biofuel
113,26.18,61.2,15.69,7.331,74,56,45,112.91,88.15,32,biofuel
143,32.1,54.6,13.47,11.616,75,48,40,109.87,77.88,24,biofuel
98,25.54,64.3,14.79,8.325,68,58,49,105.62,90.54,21,biofuel
97,29.18,59.7,17.45,6.854,62,44,51,106.85,73.73,23,biofuel
101,21.12,55.0,18.42,7.385,78,45,40,117.89,75.27,15,biofuel
78,16.4,65.6,14.15,6.65,79,42,42,112.62,71.58,33,biofuel
102,26.15,54.6,15.11,8.826,64,40,47,100.0,70.73,19,biofuel
99,24.3,60.0,15.96,8.361,69,59,47,106.42,93.04,33,biofuel
112,31.4,58.2,16.42,8.324,76,55,50,109.63,88.5,15,biofuel
115,27.89,62.2,14.79,9.143,74,50,43,111.57,86.57,29,biofuel
138,29.56,63.2,16.64,9.582,67,52,45,113.95,84.63,30,biofuel
124,30.1,57.1,15.29,12.209,74,49,54,110.41,87.43,21,biofuel
101,26.08,54.0,15.98,10.374,73,42,47,115.26,73.46,26,biofuel
97,24.21,58.8,16.82,5.689,79,48,46,122.22,78.26,22,biofuel
117,28.11,54.3,16.01,8.644,66,51,50,103.22,87.25,19,biofuel
90,23.13,65.1,15.35,5.468,71,53,46,106.55,85.36,24,biofuel
137,35.63,57.5,15.84,10.444,76,40,52,117.45,65.0,19,biofuel
128,34.11,55.5,15.87,10.943,76,57,43,114.26,90.39,31,biofuel
103,25.18,57.7,15.44,6.669,69,56,48,104.21,88.45,19,biofuel
84,18.48,51.6,15.61,6.33,78,48,51,113.71,84.42,29,biofuel
130,29.82,53.1,18.4,9.541,73,48,49,118.46,76.91,27,biofuel
108,28.21,61.8,16.84,9.265,70,49,45,109.3,79.8,15,biofuel
129,25.86,54.4,15.56,11.4,61,58,53,100.0,95.0,25,biofuel
86,20.3,52.8,17.05,6.682,77,54,51,116.73,87.98,15,biofuel
101,21.53,59.1,15.5,8.79,66,44,50,105.08,74.29,25,biofuel
110,24.84,61.7,17.76,8.296,71,54,42,114.35,84.53,32,biofuel
111,29.23,59.9,16.55,8.908,61,59,44,107.68,93.86,32,biofuel
103,23.77,61.0,15.84,10.986,79,41,44,117.04,71.11,30,biofuel
119,26.94,54.0,16.67,12.753,77,52,53,117.67,82.1,27,biofuel
94,17.32,51.3,13.64,6.57,65,55,44,104.45,85.85,21,biofuel
108,26.72,63.0,14.31,10.105,69,54,47,105.85,84.36,15,biofuel
112,27.37,55.7,14.21,11.008,79,49,48,120.03,77.82,30,biofuel
118,34.21,56.0,16.21,8.244,74,53,52,109.83,88.4,15,biofuel
121,26.11,62.3,18.6,11.361,64,49,48,107.6,83.2,31,biofuel
93,21.54,59.2,19.35,9.87,79,53,52,125.74,88.41,20,biofuel
87,20.23,58.8,16.96,5.992,62,48,45,109.28,79.61,16,biofuel
129,35.13,65.7,16.75,8.805,64,53,45,106.1,84.87,31,biofuel
115,25.55,54.4,13.3,11.75,67,42,48,100.0,71.73,20,biofuel
99,23.1,60.7,15.19,8.649,67,59,43,111.26,95.0,28,biofuel
133,32.35,57.2,14.82,12.443,67,55,45,102.86,82.54,32,biofuel
112,25.83,58.1,15.07,10.077,71,41,43,109.96,69.66,20,biofuel
128,27.09,63.1,15.75,11.199,67,49,50,111.04,78.14,24,biofuel
111,25.62,59.0,15.29,7.315,70,42,40,107.26,76.48,32,biofuel
141,36.27,59.2,13.03,13.991,73,50,46,104.59,80.57,23,biofuel
136,26.41,61.3,17.12,13.524,67,50,53,108.18,77.09,22,biofuel
106,24.27,55.5,14.39,8.839,69,52,49,108.68,85.07,24,biofuel
125,25.5,53.6,16.36,10.9,66,46,50,110.7,76.09,31,biofuel
120,31.3,52.8,19.11,7.894,76,56,51,121.12,87.53,20,biofuel
131,23.49,49.1,14.62,12.877,63,41,45,107.29,69.22,28,biofuel
96,19.99,65.2,12.2,8.505,72,51,48,104.1,81.1,20,biofuel
120,28.36,52.6,15.57,10.503,63,49,46,107.42,82.93,21,biofuel
126,34.27,56.1,17.65,12.917,64,57,52,107.2,91.07,26,biofuel
84,18.73,55.9,18.94,6.858,63,50,46,117.28,81.41,17,biofuel
92,19.17,58.2,14.16,8.564,77,55,41,116.63,84.71,28,biofuel
79,22.23,60.3,16.75,5.496,65,56,51,107.12,88.69,33,biofuel
106,19.25,60.4,15.3,8.844,61,58,50,105.7,92.38,30,biofuel
121,19.24,54.7,15.84,10.242,70,57,54,113.83,91.3,21,biofuel
133,31.68,56.3,19.97,11.898,73,42,48,125.0,72.88,22,biofuel
111,23.3,58.1,13.75,8.869,64,55,49,100.0,85.23,32,biofuel
134,26.04,56.0,16.38,11.324,65,45,48,108.92,68.79,27,biofuel
89,21.92,63.4,16.7,8.299,69,51,45,112.23,88.6,23,biofuel
84,19.51,59.0,17.63,6.589,67,50,52,112.27,78.07,24,biofuel
109,22.68,59.9,16.15,6.709,73,54,42,113.36,80.91,23,biofuel
116,21.64,59.7,16.46,12.612,62,54,40,105.26,87.19,29,biofuel
110,27.63,61.7,15.41,11.229,71,55,43,113.47,82.87,34,biofuel
79,19.32,57.7,16.4,5.292,75,49,53,116.42,78.39,16,biofuel
109,24.2,51.8,15.49,10.806,76,51,53,114.43,84.85,27,biofuel
90,25.24,58.6,16.93,6.996,60,52,42,107.28,89.72,16,biofuel
120,23.15,54.4,15.45,10.944,69,43,53,109.35,74.76,33,biofuel
115,20.61,54.9,16.57,10.503,69,46,51,111.88,75.88,16,biofuel
96,19.61,59.3,15.96,7.788,61,41,40,108.32,71.05,17,biofuel
102,22.81,62.0,17.69,7.342,68,54,42,110.48,81.37,20,biofuel
94,21.84,57.1,15.92,7.132,72,47,53,106.89,77.05,17,biofuel
109,23.74,58.2,13.34,7.858,75,46,53,108.9,75.85,24,biofuel
124,29.21,63.8,17.89,8.728,77,54,43,120.02,87.26,20,biofuel
95,17.81,58.0,14.64,8.003,78,53,52,115.84,91.43,30,biofuel
118,31.66,67.4,15.02,8.268,71,47,52,109.16,72.59,31,biofuel
102,22.7,59.3,15.11,9.59,67,51,54,108.09,81.98,33,biofuel
98,25.33,50.0,18.06,11.006,76,52,53,126.43,78.9,17,biofuel
108,25.41,60.0,12.8,8.195,74,50,47,109.2,80.49,32,biofuel
94,22.44,58.5,20.71,8.299,69,56,48,121.55,86.61,21,biofuel
102,24.69,62.2,17.58,9.136,74,56,42,115.97,84.72,23,biofuel
92,21.94,59.7,16.33,8.354,74,43,45,109.7,76.34,34,biofuel
139,33.96,56.4,15.92,12.128,66,47,49,100.0,79.17,26,biofuel
111,29.4,52.1,16.43,11.069,72,44,50,110.9,77.19,19,biofuel
100,23.09,56.2,16.78,9.321,76,55,54,108.62,86.41,17,biofuel
113,27.83,53.6,16.97,7.878,68,43,44,111.88,73.39,25,biofuel
108,24.01,54.7,16.83,10.779,67,54,45,108.11,91.58,18,biofuel
107,28.7,59.4,16.13,10.361,79,51,43,113.52,83.19,19,biofuel
119,24.36,63.7,15.7,8.494,77,44,49,115.39,77.22,15,biofuel
121,33.76,58.6,15.77,10.331,72,55,45,108.92,86.15,32,biofuel
102,22.83,52.2,15.71,10.076,75,53,46,114.77,87.75,26,biofuel
101,18.39,58.8,17.7,8.258,68,49,48,113.92,79.15,27,biofuel
106,24.26,61.8,16.89,10.361,71,46,49,110.47,71.51,23,biofuel
75,15.34,54.6,11.59,9.121,71,52,46,101.27,84.38,16,biofuel
87,21.77,56.5,16.98,6.509,65,59,45,108.6,91.39,19,biofuel
131,26.91,57.1,16.29,8.647,78,44,40,112.76,69.93,27,biofuel
135,28.57,53.9,15.97,12.433,66,42,41,107.38,72.97,30,biofuel
106,17.84,59.6,15.42,10.003,62,54,40,100.0,84.12,30,biofuel
119,25.16,56.5,17.69,9.852,75,43,48,119.08,82.88,17,biofuel
115,17.51,58.7,17.42,12.111,77,54,49,117.13,82.41,18,biofuel
156,27.69,53.5,14.84,10.653,75,53,49,107.37,81.96,25,biofuel
127,31.47,55.3,16.61,12.3,66,59,48,106.28,95.0,28,biofuel
108,26.85,59.9,14.54,8.162,63,58,46,100.0,91.2,17,biofuel
96,22.83,55.5,13.93,10.708,67,52,52,106.67,86.95,30,biofuel
86,16.86,63.9,15.06,9.355,72,49,41,110.24,81.94,29,biofuel
113,25.26,55.4,17.29,8.551,72,44,45,111.31,73.05,24,biofuel
99,22.26,57.9,17.43,7.668,76,59,50,122.61,88.66,23,biofuel
89,16.93,60.7,16.77,8.504,76,59,43,118.22,95.0,25,biofuel
100,27.01,51.3,17.09,8.346,64,45,40,106.37,72.13,30,biofuel
94,23.62,50.0,16.77,8.396,65,43,40,102.88,75.28,24,biofuel
135,29.48,50.9,15.04,12.128,78,41,51,113.21,73.96,31,biofuel
123,27.77,62.1,16.65,6.921,72,55,44,112.24,87.62,33,biofuel
110,25.44,54.8,17.2,9.561,73,57,51,115.91,89.49,16,biofuel
132,21.61,67.2,17.13,9.309,63,44,41,108.48,71.85,16,biofuel
111,24.15,54.7,17.78,8.882,66,43,43,112.78,74.99,20,biofuel
97,19.84,57.7,17.06,10.275,67,52,40,104.89,75.26,33,biofuel
133,25.93,63.2,16.53,8.631,72,58,43,113.29,93.75,22,biofuel
118,25.55,65.0,17.61,10.853,65,41,50,108.74,71.56,17,biofuel
94,26.22,65.2,15.96,7.249,65,52,45,113.95,83.73,28,biofuel
107,26.13,61.8,14.68,8.459,62,50,49,101.15,82.73,30,biofuel
97,20.16,61.1,15.76,9.149,62,43,43,101.25,69.48,15,biofuel
89,21.55,59.4,14.88,7.934,72,59,40,109.69,85.56,17,biofuel